City,Cloudiness,Country,Date,Humidity,Lat,Lng,Max Temp,Wind Speed(mph)
Sainte-Marie,5,CA,2019-05-09 04:36:25,55,46.45,-71.03,39.0,3.36
Hambantota,0,LK,2019-05-09 04:10:00,66,6.12,81.12,87.8,13.87
Colomi,75,BO,2019-05-09 04:00:00,48,-17.34,-65.87,62.6,2.98
Sinalunga,100,IT,2019-05-09 04:37:21,58,43.21,11.74,55.4,5.82
Safford,40,US,2019-05-09 04:37:01,62,32.83,-109.71,59.0,13.87
Kenora,75,CA,2019-05-09 04:32:46,56,49.76,-94.48,46.4,9.17
Thompson,40,CA,2019-05-09 04:00:00,79,55.74,-97.86,28.4,4.38
Linhares,0,BR,2019-05-09 04:38:05,84,-19.38,-40.06,66.86,3.98
Manika,0,IN,2019-05-09 04:38:06,7,23.82,84.4,109.52,15.77
Cayenne,75,GF,2019-05-09 04:00:00,83,4.94,-52.33,80.6,4.7
Ushuaia,40,AR,2019-05-09 04:00:00,43,-54.81,-68.31,50.0,11.41
Jamestown,86,AU,2019-05-09 04:33:10,70,-33.21,138.6,52.1,16.87
East London,0,ZA,2019-05-09 04:00:00,72,-33.02,27.91,59.0,13.87
Albany,1,US,2019-05-09 04:36:02,39,42.65,-73.75,48.2,5.82
Schinnen,28,NL,2019-05-09 04:37:53,87,50.94,5.89,48.2,12.75
Hobart,75,AU,2019-05-09 04:33:15,58,-42.88,147.33,59.0,14.99
Maldonado,20,UY,2019-05-09 04:00:00,93,-34.91,-54.96,55.4,5.82
Sharjah,0,AE,2019-05-09 04:00:00,51,25.36,55.39,84.2,2.24
Kushima,75,JP,2019-05-09 04:18:43,87,31.5,131.29,60.8,4.7
Atuona,13,PF,2019-05-09 04:36:34,78,-9.8,-139.03,83.42,13.22
Korablino,0,RU,2019-05-09 04:30:48,58,53.92,40.02,66.0,1.01
Kocevje,75,SI,2019-05-09 04:37:04,93,45.64,14.86,54.0,9.17
Luganville,75,VU,2019-05-09 04:00:00,79,-15.51,167.18,84.2,8.05
San Cristobal,75,EC,2019-05-09 04:15:19,93,-0.39,-78.55,57.2,2.24
Puerto Ayora,52,EC,2019-05-09 03:45:03,93,-0.74,-90.35,77.0,5.35
Barrow,91,AR,2019-05-09 04:38:11,87,-38.31,-60.23,51.74,8.52
Port Lincoln,90,AU,2019-05-09 04:38:11,64,-34.72,135.86,55.88,27.42
Mahebourg,75,MU,2019-05-09 04:29:08,78,-20.41,57.7,77.0,18.34
Ciudad Bolivar,100,VE,2019-05-09 04:38:12,69,8.12,-63.55,81.62,10.56
Bambous Virieux,75,MU,2019-05-09 04:29:08,78,-20.34,57.76,77.0,18.34
Hervey Bay,40,AU,2019-05-09 04:35:08,44,-25.3,152.85,80.01,12.75
Clyde River,20,CA,2019-05-09 04:00:00,100,70.47,-68.59,19.4,2.24
Ponta do Sol,100,BR,2019-05-09 04:38:13,97,-20.63,-46.0,61.28,5.61
Vaini,40,IN,2019-05-09 03:00:00,78,15.34,74.49,75.2,3.36
Lompoc,90,US,2019-05-09 04:36:59,82,34.64,-120.46,59.0,3.8
Cape Town,20,ZA,2019-05-09 04:36:06,87,-33.93,18.42,59.0,4.7
Chokurdakh,84,RU,2019-05-09 04:38:14,93,70.62,147.9,27.98,8.05
New Norfolk,75,AU,2019-05-09 04:37:41,58,-42.78,147.06,59.0,14.99
Yushan,20,CN,2019-05-09 04:00:00,33,31.68,118.49,77.0,4.47
Westport,2,IE,2019-05-09 04:38:12,84,53.8,-9.52,43.0,1.01
Bluff,1,AU,2019-05-09 04:38:15,35,-23.58,149.07,81.26,3.8
Bramsche,0,DE,2019-05-09 04:37:37,93,52.41,7.98,48.0,4.7
Ust-Tsilma,99,RU,2019-05-09 04:38:17,86,65.44,52.15,54.44,5.01
Noumea,40,NC,2019-05-09 04:00:00,61,-22.28,166.46,82.4,10.29
Afsin,91,TR,2019-05-09 04:38:18,49,38.25,36.91,42.2,4.25
Saint-Francois,90,FR,2019-05-09 04:31:14,71,46.42,3.91,51.8,9.17
Lebu,20,ET,2019-05-09 03:00:00,62,8.96,38.73,57.2,2.24
Uspenka,100,UA,2019-05-09 04:38:19,81,48.39,39.16,66.14,12.46
Rikitea,1,PF,2019-05-09 04:38:19,87,-23.12,-134.97,77.66,8.14
Khatanga,98,RU,2019-05-09 04:38:19,92,71.98,102.47,29.6,2.35
Mataura,100,NZ,2019-05-09 04:30:07,84,-46.19,168.86,62.01,3.09
Teya,5,MX,2019-05-09 04:31:07,58,21.05,-89.07,84.2,23.04
Faanui,67,PF,2019-05-09 04:38:20,76,-16.48,-151.75,83.96,8.37
Tiksi,100,RU,2019-05-09 04:38:20,92,71.64,128.87,30.5,9.93
Punta Arenas,0,CL,2019-05-09 04:33:10,70,-53.16,-70.91,42.8,11.41
Kahului,40,US,2019-05-09 04:32:15,61,20.89,-156.47,80.6,9.17
Carnarvon,0,ZA,2019-05-09 04:38:21,67,-30.97,22.13,49.94,4.52
Basco,90,US,2019-05-09 04:35:16,100,40.33,-91.2,64.99,13.87
Arona,40,IT,2019-05-09 04:38:05,100,45.76,8.56,50.0,2.24
Champerico,40,MX,2019-05-09 03:44:00,51,16.38,-93.6,86.0,5.26
Tilichiki,0,RU,2019-05-09 04:38:22,39,60.47,166.1,49.04,15.41
Busselton,0,AU,2019-05-09 04:34:12,38,-33.64,115.35,68.0,4.32
Hermanus,0,ZA,2019-05-09 04:30:48,98,-34.42,19.24,54.0,5.79
Anadyr,40,RU,2019-05-09 04:33:10,84,64.73,177.51,32.0,13.42
Nantucket,1,US,2019-05-09 04:32:04,81,41.28,-70.1,45.0,3.36
Kenai,1,US,2019-05-09 04:37:04,61,60.55,-151.26,50.0,16.11
Moree,0,AU,2019-05-09 04:31:28,27,-29.46,149.84,73.4,8.05
Chuy,1,UY,2019-05-09 04:38:24,79,-33.69,-53.46,66.14,14.81
Biggar,75,GB,2019-05-09 04:37:44,87,55.62,-3.52,43.0,18.34
Bethel,75,US,2019-05-09 04:04:00,75,60.79,-161.76,46.4,20.8
Cessnock,0,AU,2019-05-09 04:31:43,37,-32.83,151.35,70.0,6.93
Airai,100,TL,2019-05-09 04:38:26,53,-8.93,125.41,85.4,7.11
Kapaa,90,US,2019-05-09 04:28:32,83,22.08,-159.32,80.6,5.82
Ribeira Grande,91,PT,2019-05-09 04:38:26,78,38.52,-28.7,61.1,11.92
Tuktoyaktuk,90,CA,2019-05-09 04:00:00,92,69.44,-133.03,24.8,14.99
Santa Cruz de Tenerife,90,ES,2019-05-09 04:36:12,93,28.47,-16.25,66.0,12.75
Sitka,74,US,2019-05-09 04:30:56,92,37.17,-99.65,48.0,13.0
Dikson,43,RU,2019-05-09 04:38:27,81,73.51,80.55,21.14,3.0
Pevek,0,RU,2019-05-09 04:38:28,80,69.7,170.27,28.16,9.51
Mount Gambier,40,AU,2019-05-09 04:00:00,93,-37.83,140.78,50.0,8.05
Christchurch,100,NZ,2019-05-09 04:23:18,77,-43.53,172.64,63.0,8.05
Hithadhoo,38,MV,2019-05-09 04:38:29,67,-0.6,73.08,84.86,4.76
Penzance,75,GB,2019-05-09 04:33:09,93,50.12,-5.53,51.01,13.87
Aksu,0,KZ,2019-05-09 04:00:00,27,52.04,76.93,77.0,6.71
Palladam,40,IN,2019-05-09 03:30:00,66,10.99,77.29,84.2,4.7
Atasu,90,KZ,2019-05-09 04:38:30,22,48.68,71.64,75.68,6.53
Cidreira,100,BR,2019-05-09 04:38:30,80,-30.17,-50.22,69.38,14.52
Agadir,0,MA,2019-05-09 04:00:00,87,30.42,-9.58,55.4,3.36
Bereda,0,ES,2019-05-09 04:33:22,81,43.27,-7.54,55.0,8.05
Erenhot,1,CN,2019-05-09 04:38:31,10,43.65,111.97,72.8,23.51
Jacareacanga,70,BR,2019-05-09 04:38:31,81,-6.22,-57.76,74.96,1.72
Brazzaville,100,CD,2019-05-09 04:38:32,85,-4.27,15.27,76.22,0.22
Phitsanulok,20,TH,2019-05-09 04:33:59,47,16.82,100.26,97.0,2.24
Hilo,90,US,2019-05-09 04:37:14,65,19.71,-155.08,77.0,3.36
Chico,1,US,2019-05-09 04:27:20,44,39.73,-121.84,77.0,9.17
Iqaluit,75,CA,2019-05-09 04:32:45,85,63.75,-68.52,33.8,2.24
Skibbereen,20,IE,2019-05-09 04:00:00,93,51.55,-9.27,41.0,16.11
Maibong,2,IN,2019-05-09 04:38:33,36,25.3,93.13,96.74,5.3
Kaitangata,100,NZ,2019-05-09 04:37:29,75,-46.28,169.85,59.0,1.99
Galle,1,US,2019-05-09 04:38:30,100,29.74,-97.91,73.4,5.82
Pangani,40,KE,2019-05-09 03:56:00,88,-2.37,40.57,78.8,3.36
Birin,74,SY,2019-05-09 04:38:34,56,35.01,36.67,60.74,3.22
Aklavik,90,CA,2019-05-09 04:00:00,98,68.22,-135.01,33.8,5.7
Nikolskoye,0,RU,2019-05-09 04:38:04,80,59.7,30.79,54.0,4.47
Arraial do Cabo,40,BR,2019-05-09 04:00:00,82,-22.97,-42.02,68.0,4.7
Constitucion,100,MX,2019-05-09 04:38:35,52,23.99,-104.67,46.7,7.18
Tomatlan,0,MX,2019-05-09 04:38:36,66,19.93,-105.25,75.14,11.18
Hasaki,75,JP,2019-05-09 04:35:45,52,35.73,140.83,72.0,17.22
Upernavik,82,GL,2019-05-09 04:38:36,98,72.79,-56.15,29.06,7.65
Kodiak,90,US,2019-05-09 04:38:36,81,39.95,-94.76,53.6,10.29
Chimbote,59,PE,2019-05-09 04:38:37,92,-9.08,-78.59,66.68,15.21
Mount Isa,17,AU,2019-05-09 04:00:00,20,-20.73,139.49,82.4,6.93
Axim,62,GH,2019-05-09 04:38:37,84,4.87,-2.24,81.08,5.57
Qaqortoq,91,GL,2019-05-09 03:50:00,80,60.72,-46.03,41.0,5.82
Sao Jose da Coroa Grande,99,BR,2019-05-09 04:38:38,93,-8.9,-35.15,75.32,3.02
Tual,15,ID,2019-05-09 04:38:38,69,-5.67,132.75,84.68,5.21
Port Alfred,0,ZA,2019-05-09 04:36:17,81,-33.59,26.89,61.0,7.0
Saint Anthony,1,US,2019-05-09 04:35:58,42,43.97,-111.68,46.99,9.17
Klaten,100,ID,2019-05-09 04:38:39,88,-7.71,110.6,74.6,6.11
Sao Filipe,4,CV,2019-05-09 04:38:40,79,14.9,-24.5,73.88,20.15
Matara,8,PE,2019-05-09 04:38:40,95,-13.74,-72.9,34.28,1.03
Gombong,3,ID,2019-05-09 04:38:40,40,-7.19,109.31,95.84,3.94
Buckie,40,GB,2019-05-09 04:38:27,70,57.67,-2.97,43.0,10.29
Bathsheba,75,BB,2019-05-09 04:00:00,78,13.22,-59.52,80.6,17.22
Weihe,14,CN,2019-05-09 04:38:41,43,32.99,105.33,63.62,6.98
Qaanaaq,0,GL,2019-05-09 04:38:41,69,77.48,-69.36,24.02,5.41
Tigzirt,93,DZ,2019-05-09 04:38:42,65,36.57,4.2,58.94,4.23
Uyutne,100,UA,2019-05-09 04:38:42,70,45.2,33.3,56.96,8.48
High Level,75,CA,2019-05-09 04:00:00,33,58.52,-117.13,57.2,2.24
Yar-Sale,39,RU,2019-05-09 04:38:43,65,66.83,70.83,34.46,15.7
Vardo,90,US,2019-05-09 04:38:39,77,39.62,-77.74,63.0,6.93
Ayan,69,TR,2019-05-09 04:38:43,80,40.67,33.6,40.58,4.09
Prince George,1,CA,2019-05-09 04:16:15,54,53.92,-122.75,55.99,2.24
Provideniya,100,RU,2019-05-09 04:38:44,83,64.42,-173.23,32.48,15.79
Lubbock,75,US,2019-05-09 04:32:37,68,33.58,-101.86,64.4,20.8
Sompeta,0,IN,2019-05-09 04:38:44,34,18.93,84.6,102.32,8.19
Portales,90,US,2019-05-09 04:37:20,93,34.19,-103.33,50.0,16.11
Kautokeino,98,NO,2019-05-09 04:38:45,80,69.01,23.04,29.24,5.91
Katherine,0,AU,2019-05-09 04:00:00,21,-14.47,132.26,89.6,12.75
Mao,75,DO,2019-05-09 04:35:11,78,19.55,-71.08,78.01,10.29
Alice Springs,79,AU,2019-05-09 04:00:00,26,-23.7,133.88,69.8,13.87
Caravelas,14,BR,2019-05-09 04:38:46,76,-17.73,-39.27,76.4,8.84
Mitzic,100,GA,2019-05-09 04:38:46,96,0.78,11.55,73.16,1.99
Port Elizabeth,90,US,2019-05-09 04:38:31,100,39.31,-74.98,61.0,5.82
Puerto Escondido,0,MX,2019-05-09 04:38:47,65,15.86,-97.07,77.84,3.0
Pangnirtung,10,CA,2019-05-09 04:38:47,67,66.15,-65.72,33.2,3.67
Padang,20,ID,2019-05-09 03:30:00,66,-0.92,100.36,87.8,4.7
Yellowknife,75,CA,2019-05-09 04:32:48,33,62.45,-114.38,46.99,8.05
Kutum,47,SD,2019-05-09 04:38:48,16,14.2,24.66,79.82,12.57
Homer,1,US,2019-05-09 04:36:01,61,59.64,-151.54,50.0,6.93
College,90,US,2019-05-09 04:35:49,75,64.86,-147.8,50.0,13.87
Sovetskiy,0,RU,2019-05-09 04:38:49,52,56.76,48.47,72.98,3.24
Esperance,20,TT,2019-05-09 04:20:07,88,10.24,-61.45,80.01,6.93
Cabo San Lucas,40,MX,2019-05-09 04:30:53,68,22.89,-109.91,72.0,2.24
Torbay,90,CA,2019-05-09 04:31:18,97,47.66,-52.73,33.01,8.05
Bredasdorp,0,ZA,2019-05-09 04:30:48,87,-34.53,20.04,48.99,2.24
Viedma,47,AR,2019-05-09 04:38:50,71,-40.81,-62.99,56.24,9.75
Mitsamiouli,40,KM,2019-05-09 04:00:00,94,-11.38,43.28,77.0,2.24
Chapleau,100,CA,2019-05-09 04:38:51,85,47.85,-83.4,39.32,6.24
Dunning,75,GB,2019-05-09 04:37:44,87,56.31,-3.59,42.8,18.34
Sardarpur,0,IN,2019-05-09 04:38:52,26,22.68,74.95,94.76,12.59
Emerald,0,AU,2019-05-09 04:33:22,47,-23.53,148.16,79.0,6.93
Zapolyarnyy,40,RU,2019-05-09 03:50:00,74,69.43,30.82,35.6,34.45
Kikwit,100,CD,2019-05-09 04:38:53,90,-5.04,18.82,73.88,0.25
Dwarka,0,IN,2019-05-09 04:15:07,23,28.58,77.04,95.0,11.41
Grootfontein,0,NA,2019-05-09 03:00:00,29,-19.56,18.1,62.6,7.58
Galveston,1,US,2019-05-09 04:38:34,82,40.58,-86.19,73.99,9.17
Coari,98,BR,2019-05-09 04:38:54,97,-4.09,-63.14,74.42,1.83
Tasiilaq,47,GL,2019-05-09 03:50:00,86,65.61,-37.64,28.4,1.25
Vila Franca do Campo,75,PT,2019-05-09 04:00:00,100,37.72,-25.43,62.6,17.22
Saint-Philippe,1,CA,2019-05-09 04:38:14,56,45.36,-73.48,46.99,5.82
Amapa,40,HN,2019-05-09 04:00:00,83,15.09,-87.97,82.4,4.7
San Juan Bautista,17,PY,2019-05-09 04:38:55,93,-26.67,-57.15,71.9,5.03
Chauk,0,MM,2019-05-09 04:38:56,16,20.89,94.82,105.56,9.51
Lakes Entrance,0,AU,2019-05-09 04:38:14,48,-37.88,147.99,66.99,6.6
Vostok,99,RU,2019-05-09 04:38:56,66,46.45,135.83,45.8,7.07
Marsaxlokk,20,MT,2019-05-09 04:35:17,87,35.84,14.54,60.01,9.17
Victoria,75,BN,2019-05-09 04:00:00,70,5.28,115.24,91.0,3.36
Hovd,0,NO,2019-05-09 04:35:02,69,63.83,10.7,41.0,9.17
Pedernales,76,EC,2019-05-09 04:38:58,81,0.07,-80.05,79.82,10.13
Te Anau,100,NZ,2019-05-09 04:38:58,91,-45.41,167.72,51.02,1.05
Portland,20,US,2019-05-09 04:31:08,52,45.52,-122.67,72.0,6.93
Kysyl-Syr,10,RU,2019-05-09 04:38:58,64,63.9,122.77,46.7,8.79
Salinopolis,68,BR,2019-05-09 04:38:59,83,-0.61,-47.36,81.26,10.69
Guerrero Negro,57,MX,2019-05-09 04:38:59,85,27.97,-114.04,61.1,11.05
Rio Grande,64,BR,2019-05-09 04:38:59,93,-32.03,-52.1,65.24,5.44
Butaritari,100,KI,2019-05-09 04:38:59,81,3.07,172.79,84.5,12.39
Fortuna,0,ES,2019-05-09 04:38:26,53,38.18,-1.13,73.4,12.75
Alta Floresta,99,BR,2019-05-09 04:39:00,81,-9.87,-56.08,72.26,2.04
Mazyr,4,BY,2019-05-09 04:39:01,72,52.05,29.27,49.04,4.32
Nortelandia,27,BR,2019-05-09 04:39:01,81,-14.45,-56.8,72.8,1.12
Kangaatsiaq,7,GL,2019-05-09 04:39:01,78,68.31,-53.46,34.82,11.1
Avarua,100,CK,2019-05-09 04:00:00,78,-21.21,-159.78,78.8,2.24
Saint-Pierre,90,FR,2019-05-09 04:37:04,93,48.95,4.24,50.0,20.8
Solhan,0,TR,2019-05-09 03:50:00,87,38.97,41.05,46.4,1.12
Batagay-Alyta,95,RU,2019-05-09 04:39:04,92,67.8,130.41,28.88,5.21
Nanortalik,86,GL,2019-05-09 04:39:04,91,60.14,-45.24,35.54,1.95
Botwood,90,CA,2019-05-09 04:32:46,97,49.14,-55.34,33.01,5.82
Cap-aux-Meules,86,CA,2019-05-09 04:36:14,92,47.38,-61.86,37.52,22.66
Kazachinskoye,62,RU,2019-05-09 04:39:05,39,57.69,93.28,40.22,12.55
Port Hardy,40,CA,2019-05-09 04:00:00,76,50.7,-127.42,53.6,8.05
Geraldton,90,CA,2019-05-09 04:00:00,55,49.72,-86.95,39.2,3.2
Lipari,40,IT,2019-05-09 04:37:52,87,38.47,14.95,59.0,8.05
Marica,75,BR,2019-05-09 04:33:00,73,-22.92,-42.82,75.2,3.36
Kavaratti,20,IN,2019-05-09 04:00:00,62,10.57,72.64,86.0,5.82
Staraya Russa,0,RU,2019-05-09 04:39:07,61,57.99,31.36,48.86,7.74
Novaya Mayna,1,RU,2019-05-09 04:00:00,68,54.15,49.76,66.2,2.24
Ahipara,12,NZ,2019-05-09 04:35:33,98,-35.17,173.16,66.99,18.16
Marawi,67,PH,2019-05-09 04:31:39,78,8.0,124.29,86.0,8.01
Hami,25,CN,2019-05-09 04:39:09,28,42.84,93.51,69.2,7.9
Luderitz,0,NA,2019-05-09 04:00:00,41,-26.65,15.16,60.8,4.7
Coihaique,20,CL,2019-05-09 04:00:00,100,-45.58,-72.07,41.0,8.05
Hohhot,20,CN,2019-05-09 04:00:00,30,40.81,111.65,68.0,11.18
Leningradskiy,100,RU,2019-05-09 04:39:10,81,69.38,178.42,23.12,6.17
Bulawayo,0,ZW,2019-05-09 03:00:00,66,-20.16,28.59,55.4,9.17
Kirakira,100,SB,2019-05-09 04:39:10,83,-10.46,161.92,82.16,11.16
Colares,75,PT,2019-05-09 04:37:02,100,38.8,-9.45,60.01,5.82
Huarmey,51,PE,2019-05-09 04:39:11,92,-10.07,-78.15,66.86,19.93
Pacific Grove,90,US,2019-05-09 04:37:05,71,36.62,-121.92,59.0,5.82
Hualmay,28,PE,2019-05-09 04:39:11,93,-11.1,-77.61,65.96,19.37
Norman Wells,75,CA,2019-05-09 04:00:00,57,65.28,-126.83,51.8,11.41
Kavieng,100,PG,2019-05-09 04:37:05,78,-2.57,150.8,81.26,5.19
Lahaina,75,US,2019-05-09 04:37:12,73,20.87,-156.68,80.6,8.05
Los Llanos de Aridane,20,ES,2019-05-09 04:00:00,72,28.66,-17.92,66.2,10.29
Masaurhi,0,IN,2019-05-09 04:00:00,19,25.35,85.03,105.8,4.7
Townsville,75,AU,2019-05-09 04:30:05,61,-19.26,146.82,79.0,4.7
Zhangjiakou,25,CN,2019-05-09 04:39:14,16,40.77,114.88,65.06,6.6
Kokkola,0,FI,2019-05-09 04:38:42,83,63.84,23.13,39.99,9.17
Formosa,75,AR,2019-05-09 04:00:00,100,-26.19,-58.17,71.6,11.41
Itarema,100,BR,2019-05-09 04:39:15,96,-2.92,-39.92,74.96,4.61
Jalu,0,LY,2019-05-09 04:39:15,43,29.03,21.55,65.6,7.2
Biak,94,ID,2019-05-09 04:39:15,90,-0.91,122.88,71.54,1.05
Khvoynaya,61,RU,2019-05-09 04:39:15,44,58.9,34.53,48.68,8.46
Saint-Augustin,74,FR,2019-05-09 04:39:10,82,44.83,-0.61,55.99,20.8
Monte Patria,29,CL,2019-05-09 04:39:16,61,-30.69,-70.96,54.26,0.2
Karratha,2,AU,2019-05-09 04:38:04,12,-20.74,116.85,88.82,24.47
Heihe,40,RU,2019-05-09 04:00:00,40,50.24,127.51,57.2,6.71
Timbo,90,US,2019-05-09 04:35:23,100,35.87,-92.32,64.99,4.14
Port-Gentil,100,GA,2019-05-09 04:39:17,83,-0.72,8.78,81.62,11.16
Clarence Town,0,AU,2019-05-09 04:31:03,37,-32.59,151.78,70.0,6.93
Beringovskiy,34,RU,2019-05-09 04:39:18,86,63.05,179.32,24.56,12.26
Orlik,92,RU,2019-05-09 04:39:18,28,52.51,99.83,38.06,35.14
Huambo,90,AO,2019-05-09 04:39:19,66,-12.78,15.73,62.36,3.06
Nome,90,US,2019-05-09 04:35:08,83,30.04,-94.42,78.8,10.29
Camacha,20,PT,2019-05-09 04:00:00,100,33.08,-16.33,62.6,3.36
Cururupu,86,BR,2019-05-09 04:39:19,99,-1.82,-44.87,73.88,1.14
San Patricio,34,PY,2019-05-09 04:39:20,97,-26.98,-56.83,70.64,4.47
Qandala,1,SO,2019-05-09 04:39:20,66,11.47,49.87,87.92,6.04
Buala,47,SB,2019-05-09 04:39:20,74,-8.15,159.59,84.86,9.48
Tabou,100,CI,2019-05-09 04:39:21,95,4.42,-7.36,76.22,2.19
Severo-Kurilsk,100,RU,2019-05-09 04:39:21,88,50.68,156.12,36.26,34.85
Mar del Plata,0,AR,2019-05-09 04:39:21,71,-46.43,-67.52,46.88,5.68
Husavik,46,CA,2019-05-09 04:36:35,64,50.56,-96.99,39.99,5.01
Bilma,89,NE,2019-05-09 04:39:22,16,18.69,12.92,81.62,10.09
Sal Rei,40,CV,2019-05-09 04:00:00,88,16.18,-22.92,69.8,14.99
Priladozhskiy,0,RU,2019-05-09 04:38:04,80,59.85,31.48,54.0,4.47
Ballina,3,IE,2019-05-09 04:38:12,90,54.11,-9.15,43.0,3.0
Touros,51,BR,2019-05-09 04:39:23,81,-5.2,-35.46,82.16,12.95
Bandarbeyla,43,SO,2019-05-09 04:39:24,61,9.49,50.81,85.94,10.85
Ostersund,0,SE,2019-05-09 04:35:32,74,63.18,14.64,33.8,8.05
Grand Gaube,75,MU,2019-05-09 04:39:07,78,-20.01,57.66,77.0,18.34
Kamaishi,75,JP,2019-05-09 04:00:00,26,39.28,141.86,69.8,4.7
Kidal,0,ML,2019-05-09 04:39:25,7,18.44,1.41,83.06,6.38
Komsomolskiy,44,RU,2019-05-09 04:39:25,95,67.55,63.78,34.28,12.97
Mantua,75,IT,2019-05-09 04:39:08,93,45.16,10.79,52.0,4.7
Mackay,90,CA,2019-05-09 04:16:00,65,53.65,-115.58,51.8,2.24
Verkhovazhye,100,RU,2019-05-09 04:39:26,83,60.75,42.05,43.64,6.71
Itaqui,44,BR,2019-05-09 04:37:23,98,-29.13,-56.55,66.5,4.83
Klaksvik,49,FO,2019-05-09 04:20:00,72,62.23,-6.59,37.4,16.11
Georgetown,75,GY,2019-05-09 04:00:00,94,6.8,-58.16,77.0,4.7
Xuanhua,0,CN,2019-05-09 04:39:28,14,40.61,115.04,73.16,2.62
Campina Grande do Sul,90,BR,2019-05-09 04:39:09,93,-25.3,-49.05,63.0,6.93
Laguna,2,MX,2019-05-09 04:39:28,46,27.52,-110.01,71.36,2.77
Yantal,90,RU,2019-05-09 04:39:29,33,56.85,105.25,38.96,10.89
Lakatoro,96,VU,2019-05-09 04:39:29,83,-16.11,167.42,82.16,21.25
Kuminskiy,78,RU,2019-05-09 04:39:29,47,58.67,66.57,65.78,10.29
Muros,75,ES,2019-05-09 04:39:27,93,42.77,-9.06,57.0,6.93
Plainview,40,US,2019-05-09 04:37:47,76,34.18,-101.71,64.4,19.46
Saldanha,48,PT,2019-05-09 04:39:30,95,41.42,-6.55,44.9,2.51
Saint-Joseph,0,FR,2019-05-09 04:36:32,93,43.56,6.97,55.99,9.66
San Vicente,20,SV,2019-05-09 04:32:03,94,13.64,-88.78,80.6,3.36
Lorengau,58,PG,2019-05-09 04:39:32,84,-2.02,147.27,82.52,5.17
Sahuaripa,0,MX,2019-05-09 04:39:32,36,29.05,-109.23,63.44,4.07
Vila Velha,40,BR,2019-05-09 04:38:13,88,-3.71,-38.6,78.8,5.82
Kushiro,75,JP,2019-05-09 04:00:00,47,43.11,144.15,59.0,14.99
Tazovskiy,97,RU,2019-05-09 04:34:41,74,67.47,78.7,22.76,3.24
Kudahuvadhoo,36,MV,2019-05-09 04:39:34,66,2.67,72.89,86.3,6.78
Pontianak,75,ID,2019-05-09 04:00:00,66,-0.02,109.34,89.6,10.92
Alofi,100,NU,2019-05-09 04:00:00,83,-19.06,-169.92,75.2,10.29
Shitanjing,99,CN,2019-05-09 04:36:47,32,39.23,106.34,66.99,4.0
Narsaq,91,GL,2019-05-09 03:50:00,80,60.91,-46.05,41.0,5.82
Saskylakh,100,RU,2019-05-09 04:39:35,90,71.97,114.09,24.56,7.49
Gweru,51,ZW,2019-05-09 04:39:36,57,-19.46,29.82,60.56,4.94
Ekhabi,100,RU,2019-05-09 04:39:36,76,53.51,142.97,36.62,16.02
Souillac,90,FR,2019-05-09 04:39:15,82,45.6,-0.6,55.4,20.8
La Ronge,5,CA,2019-05-09 04:00:00,47,55.1,-105.3,37.4,4.7
Nyurba,100,RU,2019-05-09 04:39:37,52,63.29,118.35,47.78,10.96
Zaraza,100,VE,2019-05-09 04:39:37,73,9.35,-65.33,80.36,4.9
Hareid,0,NO,2019-05-09 04:30:29,66,62.37,6.02,39.2,10.29
Dalry,91,GB,2019-05-09 04:34:02,80,55.71,-4.72,42.01,5.82
Tecoanapa,40,MX,2019-05-09 03:43:00,83,16.99,-99.26,78.8,9.17
Barra do Corda,85,BR,2019-05-09 04:39:39,97,-5.5,-45.25,72.62,1.99
Isangel,75,VU,2019-05-09 04:00:00,69,-19.55,169.27,82.4,6.93
Maningrida,100,AU,2019-05-09 04:39:39,51,-12.05,134.23,86.3,9.01
Oyama,75,JP,2019-05-09 04:39:24,37,36.31,139.8,75.0,14.99
Nemuro,75,JP,2019-05-09 04:00:00,43,43.32,145.57,55.4,14.99
Puri,20,ID,2019-05-09 03:00:00,66,-7.54,112.45,86.0,9.17
Durres,75,AL,2019-05-09 04:20:00,81,41.32,19.44,51.8,4.7
Atambua,100,ID,2019-05-09 04:39:41,64,-9.11,124.89,86.3,10.09
Cherskiy,100,RU,2019-05-09 04:39:41,98,68.75,161.3,31.22,2.98
Orange Cove,20,US,2019-05-09 04:36:03,56,36.62,-119.31,77.0,3.36
Fort Portal,100,UG,2019-05-09 04:39:42,89,0.66,30.28,54.26,1.45
Adamovka,0,RU,2019-05-09 04:39:42,27,51.52,59.94,78.56,11.27
Nilanga,12,IN,2019-05-09 04:39:42,20,18.12,76.75,97.28,9.44
Rio Gallegos,0,AR,2019-05-09 04:00:00,48,-51.62,-69.22,32.0,3.36
Susanville,90,US,2019-05-09 04:32:19,70,40.42,-120.65,62.6,3.36
Rolla,90,US,2019-05-09 04:35:54,93,37.95,-91.77,64.0,3.36
Havre-Saint-Pierre,90,CA,2019-05-09 04:00:00,93,50.23,-63.6,37.4,4.7
Luba,100,PH,2019-05-09 04:39:43,56,17.32,120.7,90.8,10.85
Minab,0,IR,2019-05-09 04:00:00,45,27.15,57.07,87.8,2.24
Ambon,90,FR,2019-05-09 04:39:16,93,47.55,-2.56,53.01,6.93
Gashua,100,NG,2019-05-09 04:39:44,27,12.87,11.04,88.82,11.54
Nador,0,MA,2019-05-09 04:00:00,59,35.17,-2.93,66.2,13.87
Haines Junction,35,CA,2019-05-09 04:39:45,52,60.75,-137.51,44.54,8.19
Zemio,66,CF,2019-05-09 04:39:45,78,5.02,25.13,75.86,3.06
Saint George,75,GR,2019-05-09 03:50:00,71,39.45,22.34,50.0,2.73
Okato,75,NZ,2019-05-09 04:36:40,75,-39.19,173.88,64.99,1.99
Oistins,75,BB,2019-05-09 04:00:00,78,13.07,-59.53,80.6,17.22
Road Town,1,VG,2019-05-09 04:37:11,69,18.42,-64.62,78.8,8.05
Olinda,40,EC,2019-05-09 04:24:54,83,-2.03,-79.75,80.01,8.05
Katsina,62,NG,2019-05-09 04:39:47,36,12.99,7.6,90.44,9.66
Caibarien,20,CU,2019-05-09 03:50:00,83,22.52,-79.47,75.2,4.7
Sola,75,NO,2019-05-09 04:38:07,70,58.89,5.65,42.8,5.82
San Jose,55,PH,2019-05-09 04:38:14,41,15.79,120.99,97.1,11.65
Zhigansk,99,RU,2019-05-09 04:39:50,97,66.77,123.37,33.38,10.29
Skegness,75,GB,2019-05-09 04:38:32,93,53.14,0.34,48.2,8.05
Kloulklubed,90,PW,2019-05-09 03:50:00,79,7.04,134.26,84.2,16.11
Puerto Quijarro,0,BO,2019-05-09 04:39:51,77,-19.0,-57.72,75.86,3.49
Lavrentiya,97,RU,2019-05-09 04:39:51,97,65.58,-170.99,28.52,8.12
Kendari,68,ID,2019-05-09 04:39:52,51,-3.99,122.52,91.16,4.27
Tacoronte,90,ES,2019-05-09 04:39:09,93,28.48,-16.41,66.0,12.75
Xiazhen,75,TW,2019-05-09 04:31:07,88,23.89,120.95,78.01,11.41
Namtsy,0,RU,2019-05-09 04:00:00,37,62.72,129.66,53.6,8.95
Eydhafushi,0,MV,2019-05-09 04:39:53,69,5.1,73.07,85.04,10.25
Bubaque,40,GW,2019-05-09 04:39:53,75,11.28,-15.83,78.38,12.19
Kruisfontein,0,ZA,2019-05-09 04:39:53,89,-34.0,24.73,54.8,6.89
Morondava,0,MG,2019-05-09 04:39:54,62,-20.3,44.28,81.62,12.41
Presidencia Roque Saenz Pena,49,AR,2019-05-09 04:39:54,97,-26.79,-60.44,71.54,4.32
Vestmannaeyjar,99,IS,2019-05-09 04:39:55,62,63.44,-20.27,39.68,11.9
Zhanaozen,0,KZ,2019-05-09 04:39:55,28,43.35,52.85,83.24,7.85
Sabang,100,PH,2019-05-09 04:39:55,76,13.72,123.58,84.86,9.06
Petauke,23,ZM,2019-05-09 04:39:56,73,-14.25,31.33,66.14,3.89
Balkhash,0,KZ,2019-05-09 04:00:00,30,46.84,74.98,69.8,15.66
Comodoro Rivadavia,0,AR,2019-05-09 04:00:00,87,-45.87,-67.48,44.6,8.5
Tabuk,100,PH,2019-05-09 04:39:57,75,17.41,121.44,76.4,3.89
Pekalongan,8,ID,2019-05-09 04:39:57,45,-6.89,109.67,93.14,5.32
Salalah,40,OM,2019-05-09 03:50:00,74,17.01,54.1,82.4,1.12
Jiuquan,13,CN,2019-05-09 04:39:58,25,39.73,98.49,62.72,27.6
Anloga,20,GH,2019-05-09 04:00:00,88,5.79,0.9,82.4,4.7
Roros,40,NO,2019-05-09 04:20:00,100,62.57,11.38,24.8,6.93
Acapulco,40,MX,2019-05-09 03:43:00,83,16.86,-99.88,78.8,9.17
Ayagoz,49,KZ,2019-05-09 04:39:59,25,47.96,80.43,71.72,13.29
Le Mans,75,FR,2019-05-09 04:32:07,87,48.01,0.2,54.0,12.75
Borogontsy,65,RU,2019-05-09 04:39:59,55,62.67,131.17,50.48,10.27
Mandan,20,US,2019-05-09 04:38:40,64,46.83,-100.89,42.8,8.05
Nalut,0,LY,2019-05-09 04:40:00,17,31.86,10.98,76.22,12.75
Pasni,0,PK,2019-05-09 04:40:00,47,25.26,63.48,89.54,8.14
Qeshm,0,IR,2019-05-09 04:00:00,58,26.96,56.27,84.2,6.93
San Andres,98,PH,2019-05-09 04:40:01,57,13.32,122.68,90.44,7.96
Gavrilov-Yam,90,RU,2019-05-09 04:00:00,100,57.3,39.85,48.2,6.71
Ponazyrevo,64,RU,2019-05-09 04:40:02,64,58.36,46.31,66.32,3.18
Santa Rosalia,0,IT,2019-05-09 04:39:04,40,38.07,13.27,71.01,24.16
Jiwani,0,PK,2019-05-09 04:40:03,82,25.05,61.74,82.34,8.66
Mehamn,75,NO,2019-05-09 03:50:00,83,71.03,27.85,35.6,33.33
Mareeba,36,AU,2019-05-09 04:34:21,51,-16.99,145.42,84.2,11.41
Meulaboh,100,ID,2019-05-09 04:36:39,71,4.14,96.13,84.14,7.92
Quelimane,35,MZ,2019-05-09 04:40:05,82,-17.88,36.89,74.6,2.95
Wana,17,PK,2019-05-09 04:40:05,22,32.31,69.59,68.66,10.31
Gorin,90,US,2019-05-09 04:23:42,88,40.36,-92.02,66.2,9.17
Lata,0,IN,2019-05-09 04:40:06,26,30.78,78.62,46.34,7.25
Singleton,0,AU,2019-05-09 04:31:03,37,-32.57,151.17,73.99,6.93
Santo Antonio do Sudoeste,89,BR,2019-05-09 04:40:07,96,-26.07,-53.73,67.58,4.14
Nipawin,1,CA,2019-05-09 04:00:00,51,53.36,-104.02,39.2,6.93
Baykit,96,RU,2019-05-09 04:40:07,71,61.68,96.39,32.12,11.32
Daru,100,SL,2019-05-09 04:40:07,98,7.99,-10.85,75.32,0.58
Lagoa,75,PT,2019-05-09 04:31:27,93,37.14,-8.45,63.0,9.17
Buta,58,CD,2019-05-09 04:40:08,68,2.79,24.73,79.1,1.5
Katangli,100,RU,2019-05-09 04:40:08,95,51.71,143.23,33.38,16.75
Mount Pleasant,90,US,2019-05-09 04:38:02,93,33.16,-94.97,64.4,1.52
Hay River,75,CA,2019-05-09 04:00:00,52,60.82,-115.79,46.4,5.82
Sobolevo,99,RU,2019-05-09 04:40:10,87,54.43,31.9,46.7,7.99
Madras,1,US,2019-05-09 04:40:07,47,44.63,-121.13,66.99,6.93
Yatou,100,CM,2019-05-09 04:40:11,79,3.63,9.81,82.7,10.07
Sur,0,OM,2019-05-09 04:40:11,31,22.57,59.53,94.04,7.47
Srednekolymsk,33,RU,2019-05-09 04:40:12,73,67.46,153.71,41.84,11.54
Dubovka,0,RU,2019-05-09 04:00:00,63,49.06,44.83,66.2,11.18
Waddan,0,LY,2019-05-09 04:40:12,37,29.16,16.14,71.54,6.04
Waipawa,0,NZ,2019-05-09 04:40:12,88,-39.94,176.59,53.36,0.6
Jaca,32,ES,2019-05-09 04:35:54,70,42.57,-0.55,52.0,9.17
Verkhoyansk,12,RU,2019-05-09 04:40:13,33,67.55,133.39,48.68,2.98
Sambava,6,MG,2019-05-09 04:40:13,68,-14.27,50.17,78.92,4.72
Bowling Green,1,US,2019-05-09 04:39:19,64,36.99,-86.44,75.2,9.17
Dingle,86,PH,2019-05-09 04:40:14,46,11.0,122.67,93.68,4.21
San Antonio,90,CL,2019-05-09 04:00:00,93,-33.58,-71.61,50.0,10.36
Tessalit,0,ML,2019-05-09 04:40:17,9,20.2,1.01,80.54,5.66
Maple Creek,3,CA,2019-05-09 04:40:17,45,49.91,-109.46,43.28,7.67
Port Moresby,40,PG,2019-05-09 04:00:00,66,-9.47,147.16,87.8,17.22
Aden,39,YE,2019-05-09 04:40:18,42,12.79,45.03,90.98,8.97
Bull Savanna,2,JM,2019-05-09 04:40:18,77,17.89,-77.59,80.36,8.68
Richards Bay,44,ZA,2019-05-09 04:40:18,73,-28.77,32.06,72.8,29.33
Longyearbyen,75,NO,2019-05-09 03:50:00,67,78.22,15.63,19.4,17.22
Ilo,46,PE,2019-05-09 04:40:19,81,-17.65,-71.34,67.76,6.2
Havelock,1,US,2019-05-09 04:40:01,93,34.88,-76.9,71.01,5.82
Demba,100,CD,2019-05-09 04:40:19,82,-5.47,22.27,74.6,1.54
Sibiti,100,CG,2019-05-09 04:40:20,99,-3.69,13.35,73.52,2.46
Kununurra,100,AU,2019-05-09 04:00:00,15,-15.77,128.74,86.0,11.41
Sao Joao da Barra,47,BR,2019-05-09 04:37:08,84,-21.64,-41.05,63.44,3.04
Tripoli,20,GR,2019-05-09 04:38:18,93,37.51,22.37,55.0,5.82
Tan An,40,VN,2019-05-09 04:00:00,59,10.54,106.4,91.4,11.41
Wanning,75,AT,2019-05-09 04:40:09,93,48.64,13.53,50.0,9.17
Dubbo,83,AU,2019-05-09 04:00:00,29,-32.25,148.6,66.2,9.17
Fairbanks,90,US,2019-05-09 04:35:09,75,64.84,-147.72,50.0,13.87
Zlobin,75,HR,2019-05-09 04:40:09,93,45.29,14.65,53.6,9.17
Liling,0,CN,2019-05-09 04:00:00,44,27.65,113.49,77.0,4.47
Ust-Nera,29,RU,2019-05-09 04:40:22,63,64.57,143.24,44.36,4.54
Maniitsoq,0,GL,2019-05-09 04:40:23,61,65.42,-52.9,41.66,4.03
Tres Picos,0,MX,2019-05-09 04:40:23,88,16.23,-93.58,69.92,5.26
Beni Mazar,0,EG,2019-05-09 04:38:40,50,28.5,30.8,64.7,11.74
Stokmarknes,40,NO,2019-05-09 04:30:13,70,68.56,14.91,39.99,4.7
Moerai,34,PF,2019-05-09 04:40:24,86,-22.43,-151.33,78.2,6.13
Evensk,8,RU,2019-05-09 04:40:25,40,61.92,159.24,57.86,2.57
Dalmatovo,100,RU,2019-05-09 04:40:25,40,56.26,62.94,77.48,2.17
Minudasht,0,IR,2019-05-09 04:00:00,51,37.23,55.37,80.6,3.76
Cockburn Town,29,TC,2019-05-09 04:36:24,78,21.46,-71.14,78.92,16.84
Zaltan,0,LY,2019-05-09 04:40:26,20,32.95,11.87,77.12,11.32
Nirmal,27,IN,2019-05-09 04:40:26,13,19.09,78.35,103.76,10.0
Ulkan,97,RU,2019-05-09 04:40:26,70,57.24,107.32,33.74,11.5
Hammond,90,US,2019-05-09 04:40:09,83,30.5,-90.46,78.01,8.05
Beyneu,68,KZ,2019-05-09 04:40:27,16,45.32,55.19,87.74,16.87
Mazamari,83,PE,2019-05-09 04:39:33,99,-11.33,-74.53,31.58,2.15
Tadine,49,NC,2019-05-09 04:40:28,81,-21.55,167.88,76.94,18.77
Laredo,1,US,2019-05-09 04:40:05,78,27.51,-99.51,81.0,6.93
Monywa,0,MM,2019-05-09 04:40:28,15,22.12,95.13,106.1,7.2
Torbat-e Jam,0,IR,2019-05-09 04:40:29,19,35.24,60.63,77.48,4.14
Pisco,1,PE,2019-05-09 04:30:30,82,-13.71,-76.2,68.0,5.82
Kalmunai,28,LK,2019-05-09 04:40:29,39,7.42,81.82,96.74,1.9
De Aar,0,ZA,2019-05-09 04:40:30,69,-30.65,24.01,50.3,6.2
Sturgis,90,US,2019-05-09 04:40:05,100,44.41,-103.51,42.01,4.7
Sandi,0,IN,2019-05-09 04:40:30,7,27.29,79.95,109.7,18.41
Vestmanna,69,FO,2019-05-09 04:20:00,70,62.16,-7.17,37.4,16.11
Paamiut,0,GL,2019-05-09 04:40:31,93,61.99,-49.67,36.8,11.97
Chifeng,41,CN,2019-05-09 04:39:04,18,42.27,118.96,69.92,11.83
Takoradi,60,GH,2019-05-09 04:40:32,90,4.89,-1.75,78.56,3.18
Awjilah,0,LY,2019-05-09 04:40:32,42,29.14,21.3,64.16,6.44
Gillette,1,US,2019-05-09 04:31:35,92,44.29,-105.5,36.0,4.7
Shaunavon,4,CA,2019-05-09 04:40:32,43,49.65,-108.41,41.48,7.58
Manta,53,RO,2019-05-09 04:40:33,68,45.1,24.1,48.5,5.39
Keetmanshoop,0,NA,2019-05-09 04:00:00,46,-26.57,18.15,53.6,6.93
Ontario,90,US,2019-05-09 04:35:29,82,34.07,-117.65,62.6,8.05
Brae,2,GB,2019-05-09 03:50:00,64,60.4,-1.35,39.2,4.7
Poum,40,MK,2019-05-09 04:30:00,86,41.28,20.71,41.0,2.24
Fukue,75,JP,2019-05-09 04:04:04,59,35.03,136.69,69.01,6.93
San Juan,75,PH,2019-05-09 04:38:41,59,14.6,121.03,91.99,11.41
Ilebo,98,CD,2019-05-09 04:40:36,91,-4.33,20.59,73.7,0.4
Dunedin,100,NZ,2019-05-09 04:39:29,76,-45.87,170.5,59.0,1.99
Kropotkin,72,RU,2019-05-09 04:40:36,74,45.43,40.58,59.66,15.23
Codrington,0,AU,2019-05-09 04:33:44,38,-28.95,153.24,77.0,1.12
Tateyama,75,JP,2019-05-09 04:39:49,22,36.66,137.31,77.0,14.99
North Bend,90,US,2019-05-09 04:40:32,87,43.41,-124.22,53.01,13.87
Riverton,90,US,2019-05-09 04:31:16,86,43.02,-108.38,39.0,5.82
Radishchevo,0,RU,2019-05-09 04:40:38,58,52.85,47.87,71.9,6.24
Honiara,75,SB,2019-05-09 04:00:00,74,-9.43,159.96,87.8,7.81
Grand-Lahou,100,CI,2019-05-09 04:40:38,98,5.24,-5.0,75.68,2.51
Topchikha,0,RU,2019-05-09 04:00:00,29,52.82,83.12,62.6,8.95
Manaure,100,CO,2019-05-09 04:40:39,85,11.78,-72.45,80.72,18.61
Pokosnoye,97,RU,2019-05-09 04:40:39,40,55.53,101.05,40.22,14.2
Save,93,BJ,2019-05-09 04:40:39,80,8.04,2.49,79.46,7.23
Banjar,43,ID,2019-05-09 04:40:40,66,-7.37,108.54,86.12,5.79
Katsuura,75,JP,2019-05-09 04:39:37,63,33.93,134.5,68.0,6.93
Grand-Santi,32,GF,2019-05-09 04:40:40,99,4.27,-54.38,72.44,1.92
Ghugus,0,IN,2019-05-09 04:40:41,10,19.93,79.13,108.08,9.98
Ferrol,0,ES,2019-05-09 04:40:10,81,43.48,-8.23,55.99,8.05
Sawakin,90,SD,2019-05-09 04:40:41,36,19.1,37.33,77.48,8.1
Necochea,12,AR,2019-05-09 04:31:11,94,-38.55,-58.74,52.0,1.01
Saryozek,0,KZ,2019-05-09 04:40:42,30,44.36,77.98,70.64,8.99
Castro,90,CL,2019-05-09 04:00:00,100,-42.48,-73.76,46.4,4.7
Creel,0,MX,2019-05-09 04:40:43,56,27.75,-107.63,40.4,0.65
Quatre Cocos,75,MU,2019-05-09 04:39:07,78,-20.21,57.76,77.0,18.34
Agirish,0,RU,2019-05-09 04:40:43,37,61.92,63.02,57.32,6.15
Ancud,90,CL,2019-05-09 04:00:00,100,-41.87,-73.83,46.4,4.7
Angoche,83,MZ,2019-05-09 04:40:44,82,-16.23,39.91,77.84,5.55
Namibe,20,AO,2019-05-09 04:40:44,76,-15.19,12.15,74.42,4.05
Moose Factory,1,CA,2019-05-09 04:00:00,64,51.26,-80.61,37.4,9.17
Harper,1,US,2019-05-09 04:40:24,83,30.3,-99.24,71.01,9.33
Murgab,40,TM,2019-05-09 04:00:00,47,37.5,61.97,78.8,4.7
Auki,77,NG,2019-05-09 04:40:46,49,12.18,6.51,87.74,18.16
Tongzi,16,CN,2019-05-09 04:40:47,45,28.78,105.09,77.48,2.95
Sorong,47,ID,2019-05-09 04:40:47,86,-0.86,131.25,83.42,3.13
Zhuhai,20,CN,2019-05-09 04:00:00,30,40.71,112.04,68.0,11.18
Ostrovnoy,0,RU,2019-05-09 04:40:48,69,68.05,39.51,39.86,23.71
Yamada,75,JP,2019-05-09 04:39:49,22,36.58,137.08,77.0,14.99
Nkan,100,GQ,2019-05-09 04:40:48,97,2.26,11.22,71.9,1.59
Samarai,51,PG,2019-05-09 04:40:48,68,-10.62,150.67,82.16,6.13
Kindia,76,GN,2019-05-09 04:40:49,92,10.05,-12.86,72.8,2.42
Rolante,40,BR,2019-05-09 04:40:29,88,-29.65,-50.58,68.0,8.05
Deputatskiy,53,RU,2019-05-09 04:40:49,96,69.3,139.9,31.58,5.01
Neiafu,75,TO,2019-05-09 04:00:00,78,-18.65,-173.98,77.0,3.36
Saint-Georges,6,CA,2019-05-09 04:31:34,76,46.12,-70.67,33.01,2.91
Algarrobo,100,CO,2019-05-09 04:40:51,88,10.19,-74.06,78.56,3.65
Riyadh,49,SA,2019-05-09 04:00:00,25,24.63,46.72,86.0,4.7
Ibotirama,56,BR,2019-05-09 04:40:51,72,-12.18,-43.22,69.38,1.54
Primorsk,0,RU,2019-05-09 04:40:51,70,60.37,28.62,39.5,5.97
Minas,20,UY,2019-05-09 04:00:00,93,-34.38,-55.24,55.4,5.82
Rosarito,40,CO,2019-05-09 04:00:00,94,4.91,-75.23,68.0,4.7
Hamburg,20,DE,2019-05-09 04:35:12,93,53.55,10.0,48.99,4.7
Alindao,65,CF,2019-05-09 04:40:53,75,5.04,21.21,75.86,3.47
Rundu,50,NA,2019-05-09 04:00:00,67,-17.91,19.77,59.0,4.59
Bichena,98,ET,2019-05-09 04:40:53,59,10.45,38.2,59.3,4.61
Ilulissat,0,GL,2019-05-09 03:50:00,80,69.22,-51.1,33.8,6.93
Paita,37,PE,2019-05-09 04:40:54,90,-5.09,-81.11,70.28,13.94
Kopidlno,90,CZ,2019-05-09 04:40:36,93,50.33,15.27,53.01,6.93
Iguape,82,BR,2019-05-09 04:40:54,90,-24.7,-47.56,66.5,2.64
Shestakovo,99,RU,2019-05-09 04:40:09,38,56.49,103.96,37.52,9.93
Ossora,0,RU,2019-05-09 04:40:55,42,59.24,163.07,53.54,5.7
Zyryanka,33,RU,2019-05-09 04:40:55,63,65.73,150.89,50.66,5.14
Port Macquarie,0,AU,2019-05-09 04:40:05,45,-31.43,152.91,71.01,9.17
Chiredzi,5,ZW,2019-05-09 04:40:56,68,-21.05,31.67,68.48,2.21
Hutchinson,90,US,2019-05-09 04:37:06,87,38.06,-97.93,57.99,19.46
Kargil,0,PK,2019-05-09 04:40:56,26,34.56,76.13,40.22,2.91
Rocha,8,UY,2019-05-09 04:40:56,96,-34.48,-54.34,54.26,4.12
Zatoka,75,PL,2019-05-09 04:40:24,81,50.04,20.52,46.99,4.7
Mier,75,IT,2019-05-09 04:38:22,87,46.13,12.19,53.01,2.24
Beckley,1,US,2019-05-09 04:39:11,72,37.78,-81.19,66.2,8.05
River Falls,90,US,2019-05-09 04:40:46,93,44.86,-92.63,41.0,13.87
Namie,75,JP,2019-05-09 04:33:23,30,37.52,140.86,72.0,5.82
Sorland,99,NO,2019-05-09 04:40:58,72,67.67,12.69,40.58,9.24
Flin Flon,16,CA,2019-05-09 04:40:58,71,54.77,-101.88,31.76,3.49
Agropoli,100,IT,2019-05-09 04:39:26,58,40.35,15.0,59.0,1.01
Salisbury,17,GB,2019-05-09 04:40:58,93,51.07,-1.8,51.01,2.24
Altamira,95,BR,2019-05-09 04:41:00,99,-3.2,-52.21,72.98,2.17
Henties Bay,0,NA,2019-05-09 04:41:00,83,-22.12,14.28,59.3,11.07
Solnechnyy,100,RU,2019-05-09 04:41:00,87,50.72,136.64,40.76,9.37
Boyolangu,53,ID,2019-05-09 04:41:01,72,-8.09,111.9,81.8,9.46
Tinyahuarco,48,PE,2019-05-09 04:41:01,93,-10.75,-76.3,34.64,5.66
Hofn,90,IS,2019-05-09 04:41:01,80,64.25,-15.21,21.86,15.52
Mumbwa,40,ZM,2019-05-09 04:41:02,61,-14.99,27.06,61.82,5.59
Udachnyy,0,RU,2019-05-09 04:00:00,55,66.42,112.4,33.8,11.18
Hokitika,86,NZ,2019-05-09 04:41:02,87,-42.72,170.96,60.38,8.79
Mogok,0,MM,2019-05-09 04:41:03,15,22.92,96.51,95.3,5.37
Beloha,0,MG,2019-05-09 04:41:03,60,-25.17,45.06,75.14,9.57
Antofagasta,90,CL,2019-05-09 04:00:00,77,-23.65,-70.4,60.8,4.7
Chumikan,100,RU,2019-05-09 04:41:04,98,54.72,135.31,33.92,9.89
Dongsheng,71,CN,2019-05-09 04:41:04,36,29.72,112.52,79.64,2.98
Jinchang,90,CN,2019-05-09 04:41:04,40,38.52,102.19,53.0,12.06
Nakhon Thai,40,TH,2019-05-09 04:00:00,63,17.1,100.84,95.0,3.36
Maues,92,BR,2019-05-09 04:41:05,95,-3.38,-57.72,74.78,1.39
Gao,11,ML,2019-05-09 04:41:05,5,16.28,-0.04,84.32,10.67
Bose,75,IT,2019-05-09 04:41:04,93,45.46,8.01,51.01,2.24
Bintulu,75,MY,2019-05-09 04:00:00,83,3.17,113.03,84.0,5.82
Begunitsy,0,RU,2019-05-09 04:00:00,80,59.58,29.3,41.0,4.47
Semey,0,KZ,2019-05-09 04:00:00,31,50.41,80.25,73.4,11.18
